<?xml version="1.0"?>
<!DOCTYPE hibernate-mapping PUBLIC "-//Hibernate/Hibernate Mapping DTD 3.0//EN"
"http://hibernate.sourceforge.net/hibernate-mapping-3.0.dtd">
<!-- Generated 25 Dec, 2013 11:38:23 AM by Hibernate Tools 3.4.0.CR1 -->
<hibernate-mapping>
	<class name="com.bean.Article" table="ARTICLE">
		<id name="id" type="long" access="field">
			<column name="ID" />
			<generator class="increment" />
		</id>
		<property name="title" type="java.lang.String">
			<column name="TITLE" />
		</property>
		<property name="content" type="java.lang.String">
			<column name="CONTENT" length="5000" />
		</property>
	</class>
</hibernate-mapping>
